category	en_word	ko_word	en_sentence	ko_sentence
Greetings	Hello.	안녕하세요	Hello, everyone.	여러분, 안녕하세요.
Greetings	Nice to see you.	반가워요	Hello, nice to see you.	안녕하세요, 반가워요.
Greetings	Nice to meet you.	만나서 반가워요	Nice to meet you, Minsu.	민수 씨, 만나서 반가워요.
Greetings	Thank you.	고마워요	Thank you, Mom.	엄마, 고마워요.
Greetings	Thank you (polite).	감사해요	Thank you very much.	정말 감사해요.
Greetings	Sorry.	미안해요	Sorry, Jisu.	지수 씨, 미안해요.
Greetings	I'm sorry (polite).	죄송해요	I'm very sorry.	정말 죄송해요.
Greetings	It's okay.	괜찮아요	Really, it's okay.	정말 괜찮아요.
Greetings	Goodbye (to someone leaving).	안녕히 가세요	Goodbye, teacher.	선생님, 안녕히 가세요.
Greetings	Goodbye (when you leave).	안녕히 계세요	Goodbye, everyone.	여러분, 안녕히 계세요.
Greetings	Bye (to a friend leaving).	잘 가요	Bye, see you tomorrow.	잘 가요, 내일 봐요.
Greetings	Good night.	잘 자요	Good night, Mom.	엄마, 잘 자요.
Greetings	Good night (polite).	안녕히 주무세요	Good night, Grandma.	할머니, 안녕히 주무세요.
Greetings	See you again.	또 봐요	See you again tomorrow.	내일 또 봐요.
Greetings	See you later.	나중에 봐요	Okay, see you later.	네, 나중에 봐요.
Greetings	Good morning.	좋은 아침이에요	Good morning, Dad.	아빠, 좋은 아침이에요.
Greetings	Welcome.	어서 오세요	Welcome, come on in.	어서 오세요, 들어오세요.
Greetings	Congratulations.	축하해요	Congratulations on your birthday.	생일 축하해요.
Greetings	I enjoyed the meal.	잘 먹었어요	I enjoyed the meal, thanks.	잘 먹었어요, 고마워요.
Greetings	Enjoy your meal.	맛있게 드세요	Here, enjoy your meal.	여기요, 맛있게 드세요.
Greetings	Long time no see.	오랜만이에요	Wow, long time no see.	와, 오랜만이에요.
Greetings	Have a nice day.	좋은 하루 보내세요	Okay, have a nice day.	네, 좋은 하루 보내세요.
Greetings	Cheer up.	힘내세요	Cheer up, you can do it.	힘내세요, 할 수 있어요.
Greetings	I'm doing well.	잘 지내요	I'm doing well these days.	요즘 잘 지내요.
Greetings	Good job today.	수고하셨어요	Good job today, everyone.	오늘 수고하셨어요.
Yes & No	Yes.	네	Yes, that's right.	네, 맞아요.
Yes & No	No.	아니요	No, I'm okay.	아니요, 괜찮아요.
Yes & No	That's right.	맞아요	That's right, it's me.	맞아요, 저예요.
Yes & No	Not at all.	아니에요	Oh, not at all.	아, 아니에요.
Yes & No	Good (okay).	좋아요	Okay, sounds good.	네, 좋아요.
Yes & No	I don't like it.	싫어요	No, I don't like it.	아니요, 싫어요.
Yes & No	Got it.	알겠어요	Okay, got it.	네, 알겠어요.
Yes & No	I don't know.	몰라요	Sorry, I don't know.	미안해요, 몰라요.
Yes & No	Me too.	저도요	Oh, me too.	아, 저도요.
Yes & No	Sure.	그래요	Sure, let's do that.	그래요, 그렇게 해요.
Yes & No	Of course.	물론이에요	Yes, of course.	네, 물론이에요.
Yes & No	It's true.	정말이에요	Yes, it's true.	네, 정말이에요.
Yes & No	Please give me.	주세요	Water, please.	물 주세요.
Yes & No	Excuse me.	저기요	Excuse me, the menu, please.	저기요, 메뉴 주세요.
Yes & No	Here you go.	여기요	Here you go, it's coffee.	여기요, 커피예요.
Yes & No	Just a moment.	잠시만요	Yes, just a moment.	네, 잠시만요.
Yes & No	You're welcome.	천만에요	Oh, you're welcome.	아, 천만에요.
Yes & No	It's the best.	최고예요	Mom is the best.	엄마가 최고예요.
Yes & No	No, thanks (I'm fine).	됐어요	No, I'm fine.	아니요, 됐어요.
Yes & No	Please treat me well.	잘 부탁해요	I'm Mina, please treat me well.	미나예요, 잘 부탁해요.
Yes & No	I see.	그렇군요	Oh, I see.	아, 그렇군요.
Yes & No	There is (I have).	있어요	I have a cat.	고양이 있어요.
Yes & No	There isn't (I don't have).	없어요	I don't have time.	시간 없어요.
Yes & No	It's okay (it works).	돼요	Cards are okay.	카드 돼요.
Yes & No	Not allowed.	안 돼요	It's not allowed here.	여기는 안 돼요.
Family	family.	가족	I love my family.	가족을 사랑해요.
Family	mom.	엄마	This is my mom.	우리 엄마예요.
Family	dad.	아빠	My dad is tall.	아빠는 키가 커요.
Family	mother.	어머니	My mother is kind.	어머니는 친절해요.
Family	father.	아버지	My father is a teacher.	아버지는 선생님이에요.
Family	grandmother.	할머니	Hello, Grandma.	할머니, 안녕하세요.
Family	grandfather.	할아버지	I like my grandpa.	할아버지 좋아해요.
Family	older brother (of a man).	형	This is my older brother.	우리 형이에요.
Family	older brother (of a woman).	오빠	My older brother is funny.	오빠는 재미있어요.
Family	older sister (of a man).	누나	My older sister is pretty.	누나는 예뻐요.
Family	older sister (of a woman).	언니	Thank you, sister.	언니, 고마워요.
Family	younger brother.	남동생	I have a little brother.	남동생이 있어요.
Family	younger sister.	여동생	My little sister is cute.	여동생은 귀여워요.
Family	baby.	아기	The baby is sleeping.	아기가 자요.
Family	friend.	친구	This is my friend.	제 친구예요.
Family	husband.	남편	This is my husband.	제 남편이에요.
Family	wife.	아내	This is my wife.	제 아내예요.
Family	son.	아들	I have a son.	아들이 있어요.
Family	daughter.	딸	My daughter is five.	딸은 다섯 살이에요.
Family	parents.	부모님	My parents are in Seoul.	부모님은 서울에 계세요.
Family	person.	사람	There are many people.	사람이 많아요.
Family	man.	남자	That man is my dad.	저 남자는 우리 아빠예요.
Family	woman.	여자	The woman is smiling.	여자가 웃어요.
Family	name.	이름	My name is Mina.	제 이름은 미나예요.
Family	I (polite).	저	I'm a student.	저는 학생이에요.
Numbers	one (native Korean).	하나	One coffee, please.	커피 하나 주세요.
Numbers	two (native Korean).	둘	Two of these, please.	이거 둘 주세요.
Numbers	three (native Korean).	셋	There are three of us.	우리는 셋이에요.
Numbers	four (native Korean).	넷	There are four in my family.	우리 가족은 넷이에요.
Numbers	five (native Korean).	다섯	It's five o'clock.	다섯 시예요.
Numbers	six (native Korean).	여섯	It's six o'clock now.	지금 여섯 시예요.
Numbers	seven (native Korean).	일곱	My son is seven.	아들은 일곱 살이에요.
Numbers	eight (native Korean).	여덟	I sleep eight hours.	여덟 시간 자요.
Numbers	nine (native Korean).	아홉	I have class at nine.	아홉 시에 수업 있어요.
Numbers	ten (native Korean).	열	I'm ten years old.	저는 열 살이에요.
Numbers	one (Sino-Korean).	일	It's on the first floor.	일 층이에요.
Numbers	two (Sino-Korean).	이	It's exit two.	이 번 출구예요.
Numbers	three (Sino-Korean).	삼	It's March.	삼월이에요.
Numbers	four (Sino-Korean).	사	It's number four.	사 번이에요.
Numbers	five (Sino-Korean).	오	It takes five minutes.	오 분 걸려요.
Numbers	six (Sino-Korean).	육	It's page six.	육 쪽이에요.
Numbers	seven (Sino-Korean).	칠	It's bus number seven.	칠 번 버스예요.
Numbers	eight (Sino-Korean).	팔	It's August.	팔월이에요.
Numbers	nine (Sino-Korean).	구	It's nine thousand won.	구천 원이에요.
Numbers	ten (Sino-Korean).	십	I'm number ten.	저는 십 번이에요.
Numbers	hundred.	백	It's one hundred won.	백 원이에요.
Numbers	thousand.	천	It's one thousand won.	천 원이에요.
Numbers	ten thousand.	만	It's ten thousand won.	만 원이에요.
Numbers	counter for things.	개	Two apples, please.	사과 두 개 주세요.
Numbers	years old.	살	I'm twenty years old.	저는 스무 살이에요.
Food	food.	음식	I like Korean food.	한국 음식 좋아해요.
Food	rice (meal).	밥	I eat rice.	밥 먹어요.
Food	bread.	빵	This bread is good.	이 빵 맛있어요.
Food	kimchi.	김치	Kimchi is spicy.	김치는 매워요.
Food	meat.	고기	I like meat.	고기 좋아해요.
Food	fish (food).	생선	The fish is delicious.	생선이 맛있어요.
Food	egg.	계란	I eat an egg.	계란 먹어요.
Food	fruit.	과일	Fruit is sweet.	과일은 달아요.
Food	apple.	사과	This is an apple.	이건 사과예요.
Food	banana.	바나나	One banana, please.	바나나 하나 주세요.
Food	strawberry.	딸기	I like strawberries.	딸기 좋아해요.
Food	watermelon.	수박	The watermelon is sweet.	수박이 달아요.
Food	ramen.	라면	I eat ramen.	라면 먹어요.
Food	gimbap.	김밥	Gimbap, please.	김밥 주세요.
Food	bibimbap.	비빔밥	Bibimbap is delicious.	비빔밥 맛있어요.
Food	tteokbokki.	떡볶이	Tteokbokki is spicy.	떡볶이는 매워요.
Food	bulgogi.	불고기	I like bulgogi.	불고기 좋아해요.
Food	fried chicken.	치킨	Let's eat chicken.	치킨 먹어요.
Food	pizza.	피자	This pizza is big.	이 피자 커요.
Food	ice cream.	아이스크림	Ice cream is cold.	아이스크림은 차가워요.
Food	snacks (chips, cookies).	과자	I like snacks.	과자 좋아해요.
Food	vegetables.	채소	I eat vegetables.	채소 먹어요.
Food	soup.	국	The soup is hot.	국이 뜨거워요.
Food	dumplings.	만두	Dumplings, please.	만두 주세요.
Food	I'm hungry.	배고파요	I'm hungry now.	지금 배고파요.
Drinks	water.	물	I drink water.	물 마셔요.
Drinks	coffee.	커피	I like coffee.	커피 좋아해요.
Drinks	tea.	차	I drink tea.	차 마셔요.
Drinks	green tea.	녹차	Green tea, please.	녹차 주세요.
Drinks	milk.	우유	Milk is good.	우유 좋아요.
Drinks	juice.	주스	Juice is sweet.	주스는 달아요.
Drinks	cola.	콜라	One cola, please.	콜라 하나 주세요.
Drinks	café.	카페	Let's go to a café.	카페에 가요.
Drinks	cup.	컵	This cup is pretty.	이 컵 예뻐요.
Drinks	cup (counter).	잔	Two cups, please.	두 잔 주세요.
Drinks	ice.	얼음	Ice, please.	얼음 주세요.
Drinks	iced Americano.	아이스 아메리카노	This is an iced Americano.	아이스 아메리카노예요.
Drinks	latte.	라테	One latte, please.	라테 한 잔 주세요.
Drinks	cake.	케이크	The cake is sweet.	케이크가 달아요.
Drinks	menu.	메뉴	This is the menu.	이건 메뉴예요.
Drinks	drink.	마셔요	I drink milk.	우유를 마셔요.
Drinks	I'm thirsty.	목말라요	I'm thirsty now.	지금 목말라요.
Drinks	to go (takeout).	포장	To go, please.	포장해 주세요.
Drinks	straw.	빨대	A straw, please.	빨대 주세요.
Drinks	sugar.	설탕	No sugar, please.	설탕 빼 주세요.
Drinks	bingsu (shaved ice).	빙수	Bingsu is cold.	빙수는 차가워요.
Drinks	cookie.	쿠키	This cookie is good.	이 쿠키 맛있어요.
Drinks	hot chocolate.	핫초코	Hot chocolate, please.	핫초코 주세요.
Drinks	bottle.	병	One bottle of water, please.	물 한 병 주세요.
Drinks	dessert.	디저트	I like dessert.	디저트 좋아해요.
Home	home (house).	집	I'm at home.	집에 있어요.
Home	room.	방	My room is small.	제 방은 작아요.
Home	bed.	침대	The bed is soft.	침대가 푹신해요.
Home	pillow.	베개	This is my pillow.	제 베개예요.
Home	blanket.	이불	The blanket is warm.	이불이 따뜻해요.
Home	kitchen.	부엌	Mom is in the kitchen.	엄마는 부엌에 있어요.
Home	bathroom.	화장실	The bathroom is there.	화장실은 저기예요.
Home	living room.	거실	The living room is big.	거실이 넓어요.
Home	door.	문	Please open the door.	문 열어 주세요.
Home	window.	창문	The window is big.	창문이 커요.
Home	desk.	책상	This is my desk.	제 책상이에요.
Home	chair.	의자	The chair is comfortable.	의자가 편해요.
Home	sofa.	소파	The cat is on the sofa.	고양이가 소파에 있어요.
Home	TV.	텔레비전	I watch TV.	텔레비전 봐요.
Home	refrigerator.	냉장고	Milk is in the fridge.	우유는 냉장고에 있어요.
Home	clock (watch).	시계	It's a new watch.	새 시계예요.
Home	light (lamp).	불	Please turn off the light.	불 꺼 주세요.
Home	mirror.	거울	There's a mirror here.	여기 거울 있어요.
Home	towel.	수건	A towel, please.	수건 주세요.
Home	toothbrush.	칫솔	This is my toothbrush.	제 칫솔이에요.
Home	key.	열쇠	I have a key.	열쇠 있어요.
Home	dining table.	식탁	The table is big.	식탁이 커요.
Home	apartment.	아파트	I live in an apartment.	아파트에 살아요.
Home	shower.	샤워	I take a shower.	샤워해요.
Home	soap.	비누	The soap smells nice.	비누 냄새가 좋아요.
Body	body.	몸	My body feels light.	몸이 가벼워요.
Body	head.	머리	My head is small.	머리가 작아요.
Body	hair.	머리카락	My hair is long.	머리카락이 길어요.
Body	face.	얼굴	Your face is pretty.	얼굴이 예뻐요.
Body	eye.	눈	I close my eyes.	눈을 감아요.
Body	nose.	코	My nose is cold.	코가 차가워요.
Body	mouth.	입	Open your mouth, please.	입을 벌려 주세요.
Body	ear.	귀	The rabbit's ears are long.	토끼 귀가 길어요.
Body	hand.	손	I wash my hands.	손을 씻어요.
Body	foot.	발	My feet are warm.	발이 따뜻해요.
Body	leg.	다리	My legs are long.	다리가 길어요.
Body	stomach (belly).	배	My stomach is full.	배가 불러요.
Body	finger.	손가락	I have ten fingers.	손가락이 열 개 있어요.
Body	shoulder.	어깨	Dad's shoulders are wide.	아빠 어깨가 넓어요.
Body	neck.	목	The giraffe's neck is long.	기린은 목이 길어요.
Body	teeth.	이빨	My teeth are white.	이빨이 하얘요.
Body	back (body).	등	My back is warm.	등이 따뜻해요.
Body	height.	키	I'm tall.	키가 커요.
Body	It hurts.	아파요	My head hurts.	머리가 아파요.
Body	hospital.	병원	The hospital is there.	병원은 저기예요.
Body	medicine.	약	Please take this medicine.	이 약 드세요.
Body	doctor.	의사	My mom is a doctor.	엄마는 의사예요.
Body	a cold.	감기	It's just a cold.	그냥 감기예요.
Body	tired.	피곤해요	I'm tired today.	오늘 피곤해요.
Body	healthy.	건강해요	Grandma is healthy.	할머니는 건강해요.
Colors & Things	color.	색깔	I like this color.	이 색깔 좋아요.
Colors & Things	red.	빨간색	I like red.	빨간색 좋아해요.
Colors & Things	blue.	파란색	My bag is blue.	제 가방은 파란색이에요.
Colors & Things	yellow.	노란색	Bananas are yellow.	바나나는 노란색이에요.
Colors & Things	green.	초록색	The tree is green.	나무는 초록색이에요.
Colors & Things	white.	하얀색	Snow is white.	눈은 하얀색이에요.
Colors & Things	black.	검은색	My cat is black.	고양이가 검은색이에요.
Colors & Things	pink.	분홍색	The flower is pink.	꽃이 분홍색이에요.
Colors & Things	purple.	보라색	Purple is pretty.	보라색이 예뻐요.
Colors & Things	orange (color).	주황색	Carrots are orange.	당근은 주황색이에요.
Colors & Things	gray.	회색	The sky is gray.	하늘이 회색이에요.
Colors & Things	brown.	갈색	The bear is brown.	곰은 갈색이에요.
Colors & Things	sky blue.	하늘색	I like sky blue.	하늘색 좋아해요.
Colors & Things	cell phone.	휴대폰	This is my phone.	제 휴대폰이에요.
Colors & Things	umbrella.	우산	I have an umbrella.	우산 있어요.
Colors & Things	photo.	사진	This is a family photo.	가족 사진이에요.
Colors & Things	gift.	선물	This is a gift.	이건 선물이에요.
Colors & Things	letter.	편지	I write a letter.	편지를 써요.
Colors & Things	ball.	공	The puppy likes the ball.	강아지가 공을 좋아해요.
Colors & Things	doll (stuffed toy).	인형	This doll is cute.	이 인형 귀여워요.
Colors & Things	book.	책	This book is fun.	이 책 재미있어요.
Colors & Things	pen.	펜	I have a pen.	펜 있어요.
Colors & Things	computer.	컴퓨터	It's a new computer.	새 컴퓨터예요.
Colors & Things	this (thing).	이거	This one, please.	이거 주세요.
Colors & Things	that (over there).	저거	I like that one.	저거 좋아요.
Clothes	clothes.	옷	I like these clothes.	이 옷 좋아요.
Clothes	T-shirt.	티셔츠	I like this T-shirt.	이 티셔츠 좋아해요.
Clothes	pants.	바지	These pants are comfortable.	이 바지 편해요.
Clothes	skirt.	치마	It's a long skirt.	긴 치마예요.
Clothes	dress.	원피스	It's a pink dress.	분홍색 원피스예요.
Clothes	coat.	코트	My coat is big.	코트가 커요.
Clothes	shoes.	신발	These are new shoes.	새 신발이에요.
Clothes	socks.	양말	My socks are cute.	양말이 귀여워요.
Clothes	hat.	모자	I wear a hat.	모자를 써요.
Clothes	bag.	가방	It's a new bag.	새 가방이에요.
Clothes	glasses.	안경	These are my glasses.	제 안경이에요.
Clothes	gloves.	장갑	The gloves are warm.	장갑이 따뜻해요.
Clothes	scarf.	목도리	I have a red scarf.	빨간 목도리 있어요.
Clothes	sneakers.	운동화	My sneakers are white.	운동화가 하얀색이에요.
Clothes	pajamas.	잠옷	My pajamas are soft.	잠옷이 부드러워요.
Clothes	wear (clothes).	입어요	I wear a skirt.	치마를 입어요.
Clothes	wear (shoes, socks).	신어요	I put on socks.	양말을 신어요.
Clothes	buy.	사요	I buy a bag.	가방을 사요.
Clothes	cheap.	싸요	It's really cheap.	정말 싸요.
Clothes	expensive.	비싸요	It's a bit expensive.	조금 비싸요.
Clothes	money.	돈	I have money.	돈 있어요.
Clothes	card (credit card).	카드	It's my card.	제 카드예요.
Clothes	shop (store).	가게	The shop is small.	가게가 작아요.
Clothes	ring.	반지	The ring is pretty.	반지가 예뻐요.
Clothes	wallet.	지갑	My wallet is here.	지갑 여기 있어요.
Places	school.	학교	I go to school.	학교에 가요.
Places	company (office).	회사	I'm at work.	회사에 있어요.
Places	bank.	은행	I go to the bank.	은행에 가요.
Places	restaurant.	식당	This restaurant is good.	이 식당 맛있어요.
Places	convenience store.	편의점	There's a convenience store here.	여기 편의점 있어요.
Places	supermarket.	마트	I buy milk at the supermarket.	마트에서 우유 사요.
Places	market.	시장	I go to the market.	시장에 가요.
Places	park.	공원	I walk in the park.	공원에서 걸어요.
Places	library.	도서관	The library is quiet.	도서관은 조용해요.
Places	movie theater.	영화관	Let's go to the movies.	영화관에 가요.
Places	pharmacy.	약국	The pharmacy is there.	약국은 저기예요.
Places	bakery.	빵집	I like this bakery.	이 빵집 좋아해요.
Places	hotel.	호텔	The hotel is nice.	호텔이 좋아요.
Places	airport.	공항	I'm at the airport.	공항에 있어요.
Places	department store.	백화점	The department store is big.	백화점이 커요.
Places	post office.	우체국	The post office is near.	우체국이 가까워요.
Places	bookstore.	서점	I buy books at the bookstore.	서점에서 책 사요.
Places	swimming pool.	수영장	The pool is big.	수영장이 넓어요.
Places	neighborhood.	동네	I like my neighborhood.	우리 동네 좋아요.
Places	here.	여기	I'm here.	저 여기 있어요.
Places	over there.	저기	It's over there.	저기 있어요.
Places	there (near you).	거기	Please wait there.	거기서 기다려 주세요.
Places	in front.	앞	I'm in front of the school.	학교 앞이에요.
Places	next to.	옆	It's next to the bank.	은행 옆이에요.
Places	behind.	뒤	It's behind the park.	공원 뒤예요.
Transport	bus.	버스	I take the bus.	버스 타요.
Transport	subway.	지하철	I like the subway.	지하철 좋아요.
Transport	taxi.	택시	There's a taxi over there.	저기 택시 있어요.
Transport	car.	자동차	It's a new car.	새 자동차예요.
Transport	train.	기차	I like trains.	기차 좋아해요.
Transport	airplane.	비행기	The airplane is big.	비행기가 커요.
Transport	bicycle.	자전거	I ride a bike.	자전거 타요.
Transport	motorcycle.	오토바이	It's Dad's motorcycle.	아빠 오토바이예요.
Transport	station.	역	This is the station.	여기가 역이에요.
Transport	bus stop.	정류장	The bus stop is here.	정류장은 여기예요.
Transport	exit.	출구	The exit is that way.	출구는 저쪽이에요.
Transport	road (street).	길	The road is wide.	길이 넓어요.
Transport	map.	지도	Here is a map.	여기 지도 있어요.
Transport	ticket.	표	One ticket, please.	표 한 장 주세요.
Transport	transit card.	교통카드	I have a transit card.	교통카드 있어요.
Transport	ride (take).	타요	I take the subway.	지하철 타요.
Transport	get off.	내려요	I get off here.	여기서 내려요.
Transport	left.	왼쪽	Please go left.	왼쪽으로 가세요.
Transport	right (direction).	오른쪽	It's on the right.	오른쪽에 있어요.
Transport	straight ahead.	쭉	Please go straight ahead.	쭉 가세요.
Transport	close (near).	가까워요	It's very close.	아주 가까워요.
Transport	far.	멀어요	It's a little far.	조금 멀어요.
Transport	drive.	운전해요	My mom drives.	엄마가 운전해요.
Transport	seat.	자리	There's a seat here.	여기 자리 있어요.
Transport	slowly.	천천히	Please go slowly.	천천히 가 주세요.
Weather	weather.	날씨	The weather is nice.	날씨가 좋아요.
Weather	sun.	해	The sun is bright.	해가 밝아요.
Weather	sky.	하늘	The sky is blue.	하늘이 파래요.
Weather	cloud.	구름	The clouds are white.	구름이 하얘요.
Weather	rain.	비	It's raining.	비가 와요.
Weather	It snows.	눈이 와요	It's snowing outside.	밖에 눈이 와요.
Weather	wind.	바람	The wind is blowing.	바람이 불어요.
Weather	spring.	봄	Spring is warm.	봄은 따뜻해요.
Weather	summer.	여름	Summer is hot.	여름은 더워요.
Weather	fall (autumn).	가을	I like fall.	가을 좋아해요.
Weather	winter.	겨울	Winter is cold.	겨울은 추워요.
Weather	hot (weather).	더워요	It's hot today.	오늘 더워요.
Weather	cold (weather).	추워요	It's very cold.	너무 추워요.
Weather	warm.	따뜻해요	The water is warm.	물이 따뜻해요.
Weather	cool.	시원해요	It's cool at night.	밤에는 시원해요.
Weather	clear (sky).	맑아요	The sky is clear.	하늘이 맑아요.
Weather	cloudy.	흐려요	It's cloudy today.	오늘 흐려요.
Weather	flower.	꽃	The flowers are pretty.	꽃이 예뻐요.
Weather	tree.	나무	The tree is big.	나무가 커요.
Weather	mountain.	산	There's a mountain there.	저기 산이 있어요.
Weather	sea.	바다	I like the sea.	바다 좋아해요.
Weather	river.	강	There's a river here.	여기 강이 있어요.
Weather	star.	별	There are many stars.	별이 많아요.
Weather	moon.	달	The moon is round.	달이 둥글어요.
Weather	rainbow.	무지개	Wow, it's a rainbow.	와, 무지개예요.
Animals	animal.	동물	I like animals.	동물 좋아해요.
Animals	puppy (dog).	강아지	The puppy is cute.	강아지가 귀여워요.
Animals	cat.	고양이	I have a cat.	고양이가 있어요.
Animals	bird.	새	The bird is singing.	새가 노래해요.
Animals	fish.	물고기	The fish is small.	물고기가 작아요.
Animals	rabbit.	토끼	The rabbit is white.	토끼가 하얘요.
Animals	bear.	곰	The bear is big.	곰이 커요.
Animals	tiger.	호랑이	The tiger is strong.	호랑이는 힘이 세요.
Animals	lion.	사자	Lions are cool.	사자 멋있어요.
Animals	elephant.	코끼리	The elephant's nose is long.	코끼리 코가 길어요.
Animals	monkey.	원숭이	The monkey eats a banana.	원숭이가 바나나 먹어요.
Animals	horse.	말	The horse is fast.	말이 빨라요.
Animals	cow.	소	The cow eats grass.	소가 풀을 먹어요.
Animals	pig.	돼지	The pig is eating.	돼지가 밥 먹어요.
Animals	chicken (animal).	닭	There's a chicken here.	여기 닭이 있어요.
Animals	duck.	오리	The duck is swimming.	오리가 수영해요.
Animals	sheep.	양	I count sheep.	양을 세요.
Animals	turtle.	거북이	The turtle is slow.	거북이는 느려요.
Animals	butterfly.	나비	The butterfly is pretty.	나비가 예뻐요.
Animals	panda.	판다	I like pandas.	판다 좋아해요.
Animals	penguin.	펭귄	Penguins are cute.	펭귄이 귀여워요.
Animals	giraffe.	기린	The giraffe is tall.	기린은 키가 커요.
Animals	dolphin.	돌고래	Dolphins are smart.	돌고래는 똑똑해요.
Animals	frog.	개구리	The frog is green.	개구리는 초록색이에요.
Animals	hamster.	햄스터	The hamster is sleeping.	햄스터가 자요.
Feelings	happy.	행복해요	I'm happy.	저는 행복해요.
Feelings	glad.	기뻐요	I'm so glad.	정말 기뻐요.
Feelings	sad.	슬퍼요	The movie is sad.	영화가 슬퍼요.
Feelings	excited.	신나요	I'm excited today.	오늘 신나요.
Feelings	fun.	재미있어요	Korean is fun.	한국어 재미있어요.
Feelings	bored.	심심해요	I'm bored.	저 심심해요.
Feelings	love.	사랑해요	I love you, Mom.	엄마, 사랑해요.
Feelings	like.	좋아해요	I like music.	음악 좋아해요.
Feelings	dislike.	싫어해요	My cat dislikes water.	고양이는 물을 싫어해요.
Feelings	mood.	기분	I feel good.	기분이 좋아요.
Feelings	heart (mind).	마음	My heart is warm.	마음이 따뜻해요.
Feelings	sleepy.	졸려요	I'm sleepy now.	이제 졸려요.
Feelings	full (after eating).	배불러요	I'm so full.	너무 배불러요.
Feelings	worried.	걱정돼요	I'm a little worried.	조금 걱정돼요.
Feelings	comfortable.	편해요	This is comfortable.	이거 편해요.
Feelings	smile (laugh).	웃어요	The baby smiles.	아기가 웃어요.
Feelings	cry.	울어요	The baby is crying.	아기가 울어요.
Feelings	miss (someone).	보고 싶어요	I miss my friend.	친구가 보고 싶어요.
Feelings	excited (fluttering).	설레요	I'm excited for the trip.	여행이 설레요.
Feelings	shy.	부끄러워요	I'm a little shy.	조금 부끄러워요.
Feelings	curious.	궁금해요	I'm really curious.	정말 궁금해요.
Feelings	hard (tiring).	힘들어요	It's a little hard.	조금 힘들어요.
Feelings	joyful.	즐거워요	Today is fun.	오늘 즐거워요.
Feelings	relaxed.	편안해요	I feel relaxed.	마음이 편안해요.
Feelings	scared.	무서워요	Tigers are scary.	호랑이 무서워요.
Simple Verbs	eat.	먹어요	I eat bread.	빵을 먹어요.
Simple Verbs	go.	가요	I go home.	집에 가요.
Simple Verbs	come.	와요	My friend is coming.	친구가 와요.
Simple Verbs	see (watch).	봐요	I watch a movie.	영화를 봐요.
Simple Verbs	sleep.	자요	I sleep at night.	밤에 자요.
Simple Verbs	get up.	일어나요	I get up early.	일찍 일어나요.
Simple Verbs	read.	읽어요	I read a book.	책을 읽어요.
Simple Verbs	write.	써요	I write my name.	이름을 써요.
Simple Verbs	listen.	들어요	I listen to music.	음악을 들어요.
Simple Verbs	speak.	말해요	Mina speaks slowly.	미나는 천천히 말해요.
Simple Verbs	meet.	만나요	I meet my friend.	친구를 만나요.
Simple Verbs	wait.	기다려요	I wait for the bus.	버스를 기다려요.
Simple Verbs	make.	만들어요	Mom makes bread.	엄마가 빵을 만들어요.
Simple Verbs	wash.	씻어요	I wash my face.	얼굴을 씻어요.
Simple Verbs	learn.	배워요	I learn Korean.	한국어를 배워요.
Simple Verbs	study.	공부해요	I study every day.	매일 공부해요.
Simple Verbs	work.	일해요	Dad works at a bank.	아빠는 은행에서 일해요.
Simple Verbs	open.	열어요	I open the window.	창문을 열어요.
Simple Verbs	sit.	앉아요	I sit here.	여기 앉아요.
Simple Verbs	walk.	걸어요	I walk slowly.	천천히 걸어요.
Simple Verbs	run.	달려요	The puppy runs.	강아지가 달려요.
Simple Verbs	know.	알아요	I know that song.	그 노래 알아요.
Simple Verbs	call (on the phone).	전화해요	I call my mom.	엄마한테 전화해요.
Simple Verbs	live.	살아요	I live in Seoul.	서울에 살아요.
Simple Verbs	play (have fun).	놀아요	The kids are playing.	아이들이 놀아요.
Simple Adjectives	big.	커요	This house is big.	이 집은 커요.
Simple Adjectives	small.	작아요	This cup is small.	이 컵은 작아요.
Simple Adjectives	pretty.	예뻐요	This flower is pretty.	이 꽃 예뻐요.
Simple Adjectives	cute.	귀여워요	The baby is cute.	아기가 귀여워요.
Simple Adjectives	delicious.	맛있어요	It's really delicious.	정말 맛있어요.
Simple Adjectives	spicy.	매워요	It's a little spicy.	조금 매워요.
Simple Adjectives	sweet.	달아요	Honey is sweet.	꿀은 달아요.
Simple Adjectives	salty.	짜요	The soup is salty.	국이 짜요.
Simple Adjectives	many (a lot).	많아요	There's a lot of food.	음식이 많아요.
Simple Adjectives	few (little).	적어요	There are few people.	사람이 적어요.
Simple Adjectives	easy.	쉬워요	This is easy.	이거 쉬워요.
Simple Adjectives	difficult.	어려워요	Math is difficult.	수학은 어려워요.
Simple Adjectives	fast.	빨라요	The train is fast.	기차가 빨라요.
Simple Adjectives	slow.	느려요	My computer is slow.	컴퓨터가 느려요.
Simple Adjectives	quiet.	조용해요	It's quiet here.	여기는 조용해요.
Simple Adjectives	long.	길어요	The river is long.	강이 길어요.
Simple Adjectives	short (length).	짧아요	My hair is short.	머리가 짧아요.
Simple Adjectives	heavy.	무거워요	This box is heavy.	이 상자 무거워요.
Simple Adjectives	light (not heavy).	가벼워요	This bag is light.	이 가방 가벼워요.
Simple Adjectives	high.	높아요	The mountain is high.	산이 높아요.
Simple Adjectives	busy.	바빠요	I'm busy today.	오늘 바빠요.
Simple Adjectives	bright.	밝아요	The room is bright.	방이 밝아요.
Simple Adjectives	cool (stylish).	멋있어요	You look really cool.	정말 멋있어요.
Simple Adjectives	hot (to the touch).	뜨거워요	The coffee is hot.	커피가 뜨거워요.
Simple Adjectives	cold (to the touch).	차가워요	The water is cold.	물이 차가워요.
Time	today.	오늘	Today is a good day.	오늘은 좋은 날이에요.
Time	tomorrow.	내일	See you tomorrow.	내일 봐요.
Time	yesterday.	어제	I met a friend yesterday.	어제 친구를 만났어요.
Time	now.	지금	I'm home now.	지금 집이에요.
Time	morning.	아침	I eat bread in the morning.	아침에 빵 먹어요.
Time	lunch.	점심	Let's eat lunch.	점심 먹어요.
Time	evening (dinner).	저녁	Dinner is at six.	저녁은 여섯 시예요.
Time	night.	밤	It's night now.	지금은 밤이에요.
Time	weekend.	주말	I rest on weekends.	주말에 쉬어요.
Time	Monday.	월요일	Today is Monday.	오늘은 월요일이에요.
Time	Tuesday.	화요일	See you on Tuesday.	화요일에 봐요.
Time	Wednesday.	수요일	I have class on Wednesday.	수요일에 수업 있어요.
Time	Thursday.	목요일	It's Thursday.	목요일이에요.
Time	Friday.	금요일	I like Fridays.	금요일이 좋아요.
Time	Saturday.	토요일	I play on Saturday.	토요일에 놀아요.
Time	Sunday.	일요일	Sunday is quiet.	일요일은 조용해요.
Time	o'clock.	시	It's three o'clock.	세 시예요.
Time	minute.	분	It's two thirty.	두 시 삼십 분이에요.
Time	time (hours).	시간	I have time.	시간 있어요.
Time	every day.	매일	I exercise every day.	매일 운동해요.
Time	birthday.	생일	Today is my birthday.	오늘은 제 생일이에요.
Time	morning (a.m.).	오전	I work in the morning.	오전에 일해요.
Time	afternoon.	오후	See you in the afternoon.	오후에 봐요.
Time	early.	일찍	I sleep early.	일찍 자요.
Time	this week.	이번 주	I'm busy this week.	이번 주는 바빠요.
K-Culture Basics	Korea.	한국	I love Korea.	한국을 사랑해요.
K-Culture Basics	Korean (language).	한국어	I speak a little Korean.	한국어 조금 해요.
K-Culture Basics	Hangeul (Korean alphabet).	한글	Hangeul is easy.	한글은 쉬워요.
K-Culture Basics	Seoul.	서울	Seoul is big.	서울은 커요.
K-Culture Basics	Busan.	부산	Busan has a sea.	부산에 바다가 있어요.
K-Culture Basics	Jeju Island.	제주도	I go to Jeju Island.	제주도에 가요.
K-Culture Basics	hanbok.	한복	The hanbok is pretty.	한복이 예뻐요.
K-Culture Basics	K-pop.	케이팝	I like K-pop.	케이팝 좋아해요.
K-Culture Basics	song.	노래	This song is good.	이 노래 좋아요.
K-Culture Basics	singer.	가수	My friend is a singer.	제 친구는 가수예요.
K-Culture Basics	idol (K-pop star).	아이돌	That idol is cool.	그 아이돌 멋있어요.
K-Culture Basics	concert.	콘서트	I go to a concert.	콘서트에 가요.
K-Culture Basics	drama (TV series).	드라마	I watch Korean dramas.	한국 드라마 봐요.
K-Culture Basics	movie.	영화	This movie is fun.	이 영화 재미있어요.
K-Culture Basics	actor.	배우	That actor is handsome.	그 배우 잘생겼어요.
K-Culture Basics	fan.	팬	I'm a fan.	저는 팬이에요.
K-Culture Basics	game.	게임	I play games.	게임해요.
K-Culture Basics	webtoon.	웹툰	I read webtoons.	웹툰 봐요.
K-Culture Basics	karaoke room.	노래방	Let's go to karaoke.	노래방 가요.
K-Culture Basics	dance.	춤	I like dancing.	춤 좋아해요.
K-Culture Basics	music.	음악	Music is good.	음악이 좋아요.
K-Culture Basics	travel.	여행	I like traveling.	여행 좋아해요.
K-Culture Basics	Han River.	한강	I'm at the Han River.	한강에 있어요.
K-Culture Basics	rice cake.	떡	Rice cakes are sweet.	떡이 달아요.
K-Culture Basics	taekwondo.	태권도	I learn taekwondo.	태권도 배워요.
Short Phrases	again.	다시	Please say it again.	다시 말해 주세요.
Short Phrases	understand.	이해해요	Yes, I understand.	네, 이해해요.
Short Phrases	Please help me.	도와주세요	Excuse me, please help me.	저기요, 도와주세요.
Short Phrases	together.	같이	Let's go together.	같이 가요.
Short Phrases	a little.	조금	Just a little, please.	조금만 주세요.
Short Phrases	a lot.	많이	Please eat a lot.	많이 드세요.
Short Phrases	really.	정말	It's really good.	정말 좋아요.
Short Phrases	really (casual).	진짜	It's really fun.	진짜 재미있어요.
Short Phrases	very (so).	너무	It's so cute.	너무 귀여워요.
Short Phrases	well.	잘	You sing well.	노래 잘해요.
Short Phrases	again (once more).	또	Please come again.	또 오세요.
Short Phrases	quickly.	빨리	Come quickly.	빨리 와요.
Short Phrases	How much is it?	얼마예요	How much is this?	이거 얼마예요?
Short Phrases	Where is it?	어디예요	Where is the bathroom?	화장실 어디예요?
Short Phrases	English.	영어	I speak English.	영어 해요.
Short Phrases	I can do it.	할 수 있어요	Yes, I can do it.	네, 할 수 있어요.
Short Phrases	all.	다	I like it all.	다 좋아요.
Short Phrases	It's mine.	제 거예요	This is mine.	이거 제 거예요.
Short Phrases	first.	먼저	Please go first.	먼저 가세요.
Short Phrases	one more time.	한 번 더	One more time, please.	한 번 더 해 주세요.
Short Phrases	maybe.	아마	Maybe they'll come tomorrow.	아마 내일 와요.
Short Phrases	always.	항상	I'm always happy.	항상 행복해요.
Short Phrases	sometimes.	가끔	I sometimes cook.	가끔 요리해요.
Short Phrases	late.	늦게	I get up late.	늦게 일어나요.
Short Phrases	Sweet dreams.	좋은 꿈 꿔요	Good night, sweet dreams.	잘 자요, 좋은 꿈 꿔요.
